Business Name,Category,City,Address,Phone,Source,Quote
Chandu Tea Stall,Cafe,Bhopal,"Phq 2 Jahangirabad, Bhopal",Show Number,Justdial,
Mumtaz Hotel,Cafe,Bhopal,"Jail Road Jahangirabad, Bhopal",Show Number,Justdial,
Azamgarh (Azmi Palace),Cafe,Bhopal,"Pratap Nagar Jahangirabad, Bhopal",Show Number,Justdial,
Chai Tapri,Cafe,Bhopal,"Jahangirabad, Bhopal",Show Number,Justdial,
Indian Coffee House,Cafe,Bhopal,"Jahangirabad, Bhopal",Show Number,Justdial,
S A S Cafe House,Cafe,Bhopal,"C.L.Colony Jahangirabad, Bhopal",Show Number,Justdial,
Rock & Roll - Restro Pub & Cafe,Cafe,Bhopal,"Plot No 96 Shop No 114 Roshanpura, Bhopal",Show Number,Justdial,
Black Drop Cafe,Cafe,Bhopal,"Shop No.2 Payga Market, Bhopal",07801828932,Justdial,
Cafe Kinara,Cafe,Bhopal,"Lbs Hospital Road Pratap Nagar, Bhopal",Show Number,Justdial,
Tea clock,Cafe,Bhopal,"Old Bidhan Sbha Chorha New Market, Bhopal",08401641546,Justdial,
Chai Shai Bar,Cafe,Jabalpur,"Gokulpur Gokalpur Panehra Quarters, Jabalpur",Show Number,Justdial,
Raj Thakur,Cafe,Jabalpur,"Shop Num 5 Gokalpur Gokulpur, Jabalpur",Show Number,Justdial,
Maa Narmade Cafe,Cafe,Jabalpur,"Ranjhi Road Gokulpur, Jabalpur",Show Number,Justdial,
Sami Fitness,Gym,Bhopal,"C.L.Colony Jahangirabad, Bhopal",Show Number,Justdial,
Dhanu Ff Live,Gym,Bhopal,"Jahangirabad, Bhopal",Show Number,Justdial,
Hands Of Steel Gym,Gym,Bhopal,"Kasera Gali Jahangirabad, Bhopal",Show Number,Justdial,
Rise Gym,Gym,Bhopal,"Jahangirabad, Bhopal",Show Number,Justdial,
Xtra Power Gym,Gym,Bhopal,"Jahangirabad Jinsi, Bhopal",Show Number,Justdial,
Vishal Fitness Planet,Gym,Bhopal,"162 2nd Floor Mandakini Colony Jahangirabad, Bhopal",Show Number,Justdial,
Power Zone Gym,Gym,Bhopal,"Jail Road Jahangirabad, Bhopal",Show Number,Justdial,
Power Zone,Gym,Bhopal,"Jhangirabad Jahangirabad, Bhopal",Show Number,Justdial,
Sami Fitness Bpl,Gym,Bhopal,"Church Road Jahangirabad, Bhopal",Show Number,Justdial,
Smart Gym,Gym,Bhopal,"Pratap Nagar Bhopal Jahangirabad, Bhopal",08971769273,Justdial,
Arvind Gupta,Gym,Jabalpur,"Napier Town, Jabalpur",Show Number,Justdial,
Robin Health Club,Gym,Jabalpur,"Station Road Kanchghar, Jabalpur",Show Number,Justdial,
Ronnie Star Gym,Gym,Jabalpur,"Samiksha Town, Jabalpur",Show Number,Justdial,
Shiv Royal Gym,Gym,Jabalpur,"Punit Nagar Adhartal, Jabalpur",Show Number,Justdial,
Lcc Cricket Ground,Gym,Jabalpur,"Gcf Estate Type Iv South Civil Lines Sarswati Vihar, Jabalpur",Show Number,Justdial,
Unit Gym,Gym,Jabalpur,"Central Ordinance Depot Area Karondi Gram, Jabalpur",Show Number,Justdial,
Sahils Realme Techlife Buds T100,Gym,Jabalpur,"Area 334 Lalmati, Jabalpur",07041658289,Justdial,
Perfact Fitnees Gym,Gym,Jabalpur,"New Kanchanpur Kanchanpur Madhya Pradesh Kanchanpur, Jabalpur",Show Number,Justdial,
Xtreme Fitness Gym,Gym,Jabalpur,"Kanchanpur, Jabalpur",08460265914,Justdial,
Pankaj Health Club,Gym,Jabalpur,"Madhya Pradesh Lalmati, Jabalpur",07041969066,Justdial,
Kajal Maternity & Children Hospital,Hospital,Jabalpur,"N H 7 Main Road Adhartal, Jabalpur",7383451758,Justdial,
Naik Multispeciality Hospital,Hospital,Jabalpur,"Gole Bazar Wright Town, Jabalpur",7041431464,Justdial,
Triveni Health Care( A Unit Of Jamdar Hospital),Hospital,Jabalpur,"Wright Town, Jabalpur",7041845652,Justdial,
Aditya Super Speciality Hospital & Trauma Center,Hospital,Jabalpur,"Home Science College Road Napier Town Jabalpur, Jabalpur",7383085125,Justdial,
Anant Hospital,Hospital,Jabalpur,"Station Road Wright Town, Jabalpur",7383371021,Justdial,
K J Memorial Hospital,Hospital,Jabalpur,"High Court Ghamapur Road Jabalpur, Jabalpur",7041891059,Justdial,
Golchha Hospital (Dr.vimal Golchha Urologist & Dr.Vipul Golchha General & Laproscopic Surgeon),Hospital,Jabalpur,"Napier Town Jabalpur, Jabalpur",8904887480,Justdial,
Raksha Nidhi Nursing Home,Hospital,Jabalpur,"Adhartal Jabalpur City, Jabalpur",7041688964,Justdial,
Swastik Multispeciality Hospital and Research,Hospital,Jabalpur,"Vijay Nagar Colony Jabalpur, Jabalpur",9054775681,Justdial,
Marble City Hospital & Research Centre,Hospital,Jabalpur,"Napier Town Jabalpur, Jabalpur",7383452179,Justdial,
Suvidha Polyclinic & Research Centre Pvt Ltd,Hospital,Jabalpur,"Nagpur Road Madan Mahal, Jabalpur",7383371280,Justdial,
Harshey Hospital,Hospital,Jabalpur,"Garha Road Civil Lines Jabalpur, Jabalpur",9606180376,Justdial,
Adi Shankar Hospital,Hospital,Jabalpur,"Gwarighat Road Gorakhpur, Jabalpur",7041754309,Justdial,
Shree Shubham Hospital & Research Centre,Hospital,Jabalpur,"Nagpur Road Madan Mahal, Jabalpur",7383610837,Justdial,
Jeena Sikho Hiims Ayurvedic Clinics & Hospitals By Acharya Manish Ji,Hospital,Jabalpur,"Napier Town, Jabalpur",7801946749,Justdial,
Ashish Hospital,Hospital,Jabalpur,"Home Science College Road Napier Town Jabalpur, Jabalpur",8460211722,Justdial,
Sankalp Multispeciality Hospital,Hospital,Jabalpur,"Dhanwantari Nagar Road Dhanvantari Nagar, Jabalpur",8401259298,Justdial,
Medizone MultiSpeciality Hospital Nd Trauma Centre,Hospital,Jabalpur,"Vijay Nagar Colony Jabalpur, Jabalpur",7041753356,Justdial,
Kumar Hospital,Hospital,Jabalpur,"Adarsh Nagar Gwarighat, Jabalpur",9035737130,Justdial,
Amrit City Multispecialty Hospital,Hospital,Jabalpur,"Ukhari Road Vijay Nagar, Jabalpur",8460212961,Justdial,
Kapil Hotel,Hotel,Jabalpur,"Station Road Imlai Jabalpur, Jabalpur",Show Number,Justdial,
Nanaji Deshmukh Veterinary Science University,Hotel,Jabalpur,"Central Ordinance Depot Area Jeewan Bima Nigam, Jabalpur",Show Number,Justdial,
Sahil Patel,Hotel,Jabalpur,"Central Ordinance Depot Area Jeewan Bima Nigam, Jabalpur",Show Number,Justdial,
Gopal Hotel,Hotel,Jabalpur,"Jabalpur road Lalmati, Jabalpur",08460194369,Justdial,
Gopal Hotel,Hotel,Jabalpur,"Chandmari, Jabalpur",09725406242,Justdial,
Ram Bhajan Hotel,Hotel,Jabalpur,"Chandmari, Jabalpur",07041409742,Justdial,
,,,,,,“The world as we have created it is a process of our thinking. It cannot be changed without changing our thinking.”
,,,,,,"“It is our choices, Harry, that show what we truly are, far more than our abilities.”"
,,,,,,“There are only two ways to live your life. One is as though nothing is a miracle. The other is as though everything is a miracle.”
,,,,,,"“The person, be it gentleman or lady, who has not pleasure in a good novel, must be intolerably stupid.”"
,,,,,,"“Imperfection is beauty, madness is genius and it's better to be absolutely ridiculous than absolutely boring.”"
,,,,,,“Try not to become a man of success. Rather become a man of value.”
,,,,,,“It is better to be hated for what you are than to be loved for what you are not.”
,,,,,,"“I have not failed. I've just found 10,000 ways that won't work.”"
,,,,,,“A woman is like a tea bag; you never know how strong it is until it's in hot water.”
,,,,,,"“A day without sunshine is like, you know, night.”"
R H Chicken Point,,,"Sadar Main Road Sadar, Jabalpur",7383647881,,
The Nagendra Hotel and Restaurant,,,"Labour Chouk Jabalpur City, Jabalpur",7041446374,,
Thali Tandoor Wok By ANI,,,"4th Bridge Road Napier Town Jabalpur, Jabalpur",9725956440,,
Bittu Da Dhaba,,,"Isbt Chowk Vijay Nagar, Jabalpur",8460432158,,
Hot and New Chinese Restaurant,,,"Shop No-7 Ranjhi, Jabalpur",8401579301,,
Wang Chinese Cuisine,,,"Narmada Road Jabalpur, Jabalpur",7041526029,,
Badkul Restaurant,,,"ITI Road Vijay Nagar Colony Jabalpur, Jabalpur",9972378584,,
Ice On Fire Restaurant,,,"Garha Road Yadav Colony, Jabalpur",7041826154,,
Moti Sagar,,,"Nagrath Chowk Civil Lines Jabalpur, Jabalpur",7041759341,,
Dilli Ki Gali Parathe Wali,,,"Civic Center Road Marhatal, Jabalpur",7041632960,,
