Business Name,Address,Phone
R H Chicken Point,"Sadar Main Road Sadar, Jabalpur",07383647881
The Nagendra Hotel and Restaurant,"Labour Chouk Jabalpur City, Jabalpur",07041446374
Thali Tandoor Wok By ANI,"4th Bridge Road Napier Town Jabalpur, Jabalpur",09725956440
Bittu Da Dhaba,"Isbt Chowk Vijay Nagar, Jabalpur",08460432158
Hot and New Chinese Restaurant,"Shop No-7 Ranjhi, Jabalpur",08401579301
Wang Chinese Cuisine,"Narmada Road Jabalpur, Jabalpur",07041526029
Badkul Restaurant,"ITI Road Vijay Nagar Colony Jabalpur, Jabalpur",09972378584
Ice On Fire Restaurant,"Garha Road Yadav Colony, Jabalpur",07041826154
Moti Sagar,"Nagrath Chowk Civil Lines Jabalpur, Jabalpur",07041759341
Dilli Ki Gali Parathe Wali,"Civic Center Road Marhatal, Jabalpur",07041632960
