Business Name,Category,City,Address,Phone,Source
Kajal Maternity & Children Hospital,Hospital,Jabalpur,"N H 7 Main Road Adhartal, Jabalpur",07383451758,Justdial
Naik Multispeciality Hospital,Hospital,Jabalpur,"Gole Bazar Wright Town, Jabalpur",07041431464,Justdial
Triveni Health Care( A Unit Of Jamdar Hospital),Hospital,Jabalpur,"Wright Town, Jabalpur",07041845652,Justdial
Aditya Super Speciality Hospital & Trauma Center,Hospital,Jabalpur,"Home Science College Road Napier Town Jabalpur, Jabalpur",07383085125,Justdial
Anant Hospital,Hospital,Jabalpur,"Station Road Wright Town, Jabalpur",07383371021,Justdial
K J Memorial Hospital,Hospital,Jabalpur,"High Court Ghamapur Road Jabalpur, Jabalpur",07041891059,Justdial
Golchha Hospital (Dr.vimal Golchha Urologist & Dr.Vipul Golchha General & Laproscopic Surgeon),Hospital,Jabalpur,"Napier Town Jabalpur, Jabalpur",08904887480,Justdial
Raksha Nidhi Nursing Home,Hospital,Jabalpur,"Adhartal Jabalpur City, Jabalpur",07041688964,Justdial
Swastik Multispeciality Hospital and Research,Hospital,Jabalpur,"Vijay Nagar Colony Jabalpur, Jabalpur",09054775681,Justdial
Marble City Hospital & Research Centre,Hospital,Jabalpur,"Napier Town Jabalpur, Jabalpur",07383452179,Justdial
Suvidha Polyclinic & Research Centre Pvt Ltd,Hospital,Jabalpur,"Nagpur Road Madan Mahal, Jabalpur",07383371280,Justdial
Harshey Hospital,Hospital,Jabalpur,"Garha Road Civil Lines Jabalpur, Jabalpur",09606180376,Justdial
Adi Shankar Hospital,Hospital,Jabalpur,"Gwarighat Road Gorakhpur, Jabalpur",07041754309,Justdial
Shree Shubham Hospital & Research Centre,Hospital,Jabalpur,"Nagpur Road Madan Mahal, Jabalpur",07383610837,Justdial
Jeena Sikho Hiims Ayurvedic Clinics & Hospitals By Acharya Manish Ji,Hospital,Jabalpur,"Napier Town, Jabalpur",07801946749,Justdial
Ashish Hospital,Hospital,Jabalpur,"Home Science College Road Napier Town Jabalpur, Jabalpur",08460211722,Justdial
Sankalp Multispeciality Hospital,Hospital,Jabalpur,"Dhanwantari Nagar Road Dhanvantari Nagar, Jabalpur",08401259298,Justdial
Medizone MultiSpeciality Hospital Nd Trauma Centre,Hospital,Jabalpur,"Vijay Nagar Colony Jabalpur, Jabalpur",07041753356,Justdial
Kumar Hospital,Hospital,Jabalpur,"Adarsh Nagar Gwarighat, Jabalpur",09035737130,Justdial
Amrit City Multispecialty Hospital,Hospital,Jabalpur,"Ukhari Road Vijay Nagar, Jabalpur",08460212961,Justdial
